performance_index,injuries_count,starter,passes_attempted,passes_success,age,training_hours,match_intensity,position,sleep_hours,travel_km_week,fatigue,strength_1RM,agility_time,nutrition_score,team,left_footed,previous_injuries,altitude_home
64.42,3,0,53,15,25,11.26,79.6,Forward,6.86,414.1,59.8,131.2,12.07,5.9,Team C,1,0,839.6
65.74,2,0,56,25,36,13.19,70.3,Defender,7.29,236.3,57.4,132.8,10.76,7.8,Team B,0,0,717.2
70.17,0,0,87,45,36,14.14,66.5,Defender,8.49,266.7,43.1,153.6,11.77,6.9,Team C,0,1,560.5
58.13,0,0,88,44,24,13.01,64.5,Midfielder,7.0,1297.0,56.4,130.7,10.58,6.2,Team B,0,0,1054.8
73.34,0,0,49,24,36,18.04,75.0,Forward,9.01,1314.8,42.5,168.8,11.6,6.2,Team A,1,4,357.8
72.8,0,0,93,47,33,16.41,66.0,Midfielder,6.71,186.2,68.2,163.5,10.9,6.4,Team A,0,1,201.4
56.72,1,0,13,8,29,13.91,81.5,Midfielder,8.31,842.0,56.0,188.8,11.0,5.9,Team C,0,1,292.5
69.13,0,0,18,9,33,15.52,70.8,Defender,7.43,0.0,49.1,172.5,10.59,6.7,Team B,0,0,207.5
62.73,0,0,70,45,32,9.69,66.6,Goalkeeper,8.06,1471.4,18.6,178.0,10.08,7.3,Team A,0,0,523.6
65.92,0,0,71,32,36,13.34,58.8,Midfielder,6.36,1280.5,61.9,156.1,11.33,6.0,Team C,1,0,916.3
57.58,0,0,88,32,24,12.32,58.9,Defender,7.46,537.8,48.7,120.9,11.93,5.7,Team C,1,1,831.0
48.96,1,0,32,16,18,18.44,70.6,Midfielder,7.57,1929.4,63.0,149.4,12.24,5.8,Team A,0,4,519.1
58.38,1,0,68,18,26,12.67,71.7,Midfielder,6.1,36.8,48.9,166.5,14.26,10.0,Team C,0,0,245.1
56.47,0,0,34,15,23,15.92,76.1,Forward,6.59,393.0,66.7,144.7,10.16,6.4,Team C,0,0,188.0
55.67,0,0,71,34,26,12.08,68.6,Defender,7.92,1116.8,51.0,157.4,10.05,3.2,Team B,0,0,969.5
57.23,0,0,48,24,35,8.79,79.6,Defender,7.7,0.0,50.8,182.4,10.65,7.9,Team B,1,0,442.5
77.92,0,0,91,64,36,15.29,55.2,Defender,8.76,609.7,23.2,177.9,11.1,8.6,Team A,1,0,669.5
73.2,0,0,47,36,30,15.33,72.9,Midfielder,7.88,124.5,52.2,173.7,10.47,8.4,Team A,0,7,130.1
64.48,0,0,88,34,29,12.55,89.3,Forward,6.89,1085.1,62.8,139.1,10.81,7.9,Team A,0,2,803.5
30.78,0,0,38,12,22,4.56,87.2,Defender,5.67,567.0,61.4,115.9,11.83,9.8,Team B,1,0,431.5
32.48,0,0,23,6,17,10.05,94.3,Midfielder,6.76,512.4,70.3,156.6,12.33,8.3,Team A,0,10,942.8
64.62,0,1,75,54,24,18.04,90.6,Defender,6.94,123.6,34.5,194.4,11.86,6.6,Team C,1,3,359.3
72.48,0,0,53,34,26,16.24,82.7,Midfielder,8.39,0.0,42.6,130.2,12.01,5.8,Team C,0,2,385.0
57.81,0,0,84,39,21,16.1,71.2,Goalkeeper,8.82,1092.2,53.7,127.9,11.72,7.9,Team A,1,1,586.9
71.72,2,0,16,9,32,15.61,77.3,Defender,7.76,1939.3,44.6,141.2,10.87,8.0,Team B,0,1,190.8
55.3,0,0,50,24,20,13.84,69.7,Defender,8.39,0.0,35.6,129.5,11.91,4.6,Team A,0,0,338.4
69.18,2,0,35,18,26,14.15,87.1,Defender,8.11,927.1,26.3,122.9,10.45,4.8,Team B,0,0,589.0
53.39,0,0,80,49,20,18.01,73.2,Forward,6.16,1054.5,34.8,97.8,10.73,7.1,Team A,0,12,225.7
51.32,0,0,77,30,23,10.14,57.5,Forward,7.67,693.8,62.2,152.4,11.35,7.0,Team A,1,1,437.3
48.07,0,0,44,19,36,18.03,80.4,Midfielder,5.77,1034.8,67.2,186.2,12.23,8.1,Team B,0,1,766.5
69.16,0,0,29,24,30,15.44,80.3,Midfielder,8.41,675.5,43.1,159.6,10.93,6.6,Team C,0,2,245.0
58.31,1,0,20,11,25,9.72,69.0,Defender,6.58,1014.8,55.6,133.7,10.06,8.6,Team B,1,2,186.1
55.8,0,0,64,28,21,14.26,65.5,Midfielder,6.13,656.0,18.0,138.0,13.34,5.9,Team C,0,0,505.3
54.11,0,0,23,15,18,15.3,81.2,Forward,5.74,1331.6,55.0,147.7,12.11,6.5,Team C,1,0,555.5
75.93,0,0,49,20,34,13.27,96.4,Forward,6.86,694.3,56.7,130.4,11.96,6.4,Team C,1,2,858.6
49.73,0,0,36,16,26,11.26,44.1,Defender,7.72,1693.2,37.1,134.4,10.99,6.2,Team C,0,0,699.2
60.13,0,0,87,24,29,8.88,81.4,Midfielder,8.19,1124.7,58.5,124.0,12.84,5.9,Team C,0,2,703.8
43.18,1,0,80,15,22,9.8,73.4,Defender,6.19,0.0,62.3,148.8,12.66,6.8,Team B,0,3,91.5
46.24,0,0,98,25,18,12.16,73.9,Forward,7.36,797.9,73.5,156.9,11.81,6.8,Team B,0,1,500.2
47.75,0,0,14,7,21,10.39,69.1,Midfielder,7.84,441.7,55.8,205.1,11.71,6.7,Team B,0,1,695.1
61.97,0,0,78,35,19,17.31,66.5,Forward,7.91,233.9,38.3,126.3,12.52,5.7,Team C,1,3,259.5
54.74,0,0,60,18,21,14.12,85.8,Midfielder,7.55,0.0,68.3,136.7,12.47,4.7,Team C,0,1,1230.4
34.2,0,0,21,7,19,7.74,78.5,Forward,7.25,1016.9,78.1,132.9,11.71,6.5,Team C,0,5,0.0
63.49,0,0,64,40,28,15.27,81.6,Defender,7.14,592.8,10.0,155.5,10.89,5.6,Team B,0,0,743.8
49.9,0,0,64,25,19,14.72,71.5,Midfielder,6.23,1386.7,64.9,127.4,10.65,5.8,Team A,0,1,0.0
64.88,0,0,99,42,28,13.96,85.1,Defender,7.28,460.0,38.8,115.7,13.15,9.6,Team C,1,6,485.1
62.82,0,0,48,22,28,14.99,53.0,Midfielder,7.72,0.0,55.6,150.8,11.96,7.0,Team B,0,9,908.3
60.35,0,0,69,22,34,16.2,86.7,Forward,5.98,0.0,68.7,158.9,11.96,7.7,Team A,0,1,579.1
73.9,0,0,93,47,26,16.04,54.4,Forward,8.51,879.2,46.0,171.9,10.74,5.5,Team A,1,0,170.0
55.78,0,0,33,16,19,16.81,79.9,Midfielder,7.3,368.2,36.5,141.4,13.01,4.9,Team B,1,0,586.7
65.61,0,0,76,35,23,16.44,70.7,Forward,8.01,0.0,41.9,160.3,12.46,5.4,Team C,0,0,691.9
66.55,1,0,55,32,26,16.03,78.2,Defender,7.05,944.4,51.0,125.2,11.6,6.9,Team B,0,2,640.3
60.15,0,0,33,22,23,15.29,86.4,Midfielder,8.29,0.0,62.9,116.0,9.01,4.2,Team A,0,0,0.0
50.92,1,0,76,26,22,12.24,67.2,Midfielder,6.46,549.9,61.3,159.1,12.73,6.3,Team C,0,5,143.0
57.25,0,0,68,34,22,14.75,58.3,Forward,7.45,1366.8,54.7,168.5,10.34,7.1,Team C,0,1,18.5
55.48,0,0,14,7,26,14.62,65.6,Defender,4.62,896.0,65.8,145.6,11.39,10.0,Team C,1,0,778.0
51.83,1,0,35,23,35,8.24,69.5,Midfielder,8.35,1251.8,23.6,164.3,10.2,5.2,Team C,0,1,0.0
63.3,0,0,52,36,35,9.97,67.1,Goalkeeper,8.03,1062.5,31.2,186.9,10.85,8.5,Team B,0,4,967.2
51.79,1,0,51,17,31,8.32,58.9,Defender,7.99,1217.5,41.7,146.8,10.5,7.9,Team B,0,7,499.8
55.12,0,0,13,7,35,10.85,71.9,Midfielder,6.56,1211.5,47.9,152.2,11.23,7.9,Team C,1,5,0.0
70.83,0,0,54,26,36,16.17,73.7,Midfielder,7.45,558.0,61.4,127.4,10.81,8.9,Team C,0,1,571.8
70.36,0,0,24,5,32,14.46,61.8,Forward,7.4,254.0,39.1,128.1,13.0,8.4,Team B,0,0,371.2
49.27,0,0,79,16,34,10.62,83.9,Midfielder,7.16,1157.1,71.2,144.9,13.54,5.8,Team A,0,2,443.5
67.08,0,0,14,9,32,13.35,83.5,Defender,5.81,999.4,55.5,123.5,10.46,7.5,Team A,1,1,572.8
64.02,0,0,78,50,26,13.37,72.7,Midfielder,8.24,703.9,,159.8,11.9,9.0,Team B,1,2,0.0
51.31,0,0,20,9,22,11.96,65.9,Defender,5.96,1497.6,49.2,154.2,13.18,6.1,Team A,1,1,359.8
53.39,1,0,92,38,35,10.65,77.7,Defender,4.47,2220.0,45.2,154.0,11.44,5.9,Team A,0,0,1352.6
59.14,0,0,100,31,27,12.82,75.6,Defender,6.84,213.6,54.7,171.0,12.67,5.9,Team A,0,1,105.6
62.26,0,0,31,21,19,15.4,60.5,Midfielder,7.73,141.4,38.2,140.7,10.44,9.0,Team C,1,3,258.5
52.9,0,0,37,11,33,13.64,60.6,Forward,6.78,2225.9,69.9,150.3,11.06,4.6,Team A,1,3,472.5
55.13,0,0,75,38,18,15.51,66.9,Forward,8.75,0.0,45.4,123.3,11.03,4.9,Team A,0,0,472.9
72.5,0,0,13,7,32,19.14,75.1,Defender,8.17,473.2,38.5,181.5,11.6,7.8,Team B,0,7,354.5
59.38,0,0,84,38,22,16.49,60.6,Defender,7.38,1326.2,53.9,162.4,12.21,5.9,Team B,1,7,954.7
72.71,0,0,81,58,28,16.9,78.7,Midfielder,8.95,0.0,31.7,150.5,10.83,6.1,Team C,0,4,237.5
56.38,0,0,51,29,29,11.26,81.2,Midfielder,7.53,802.2,60.3,144.4,11.63,6.5,Team B,0,0,465.2
73.31,3,0,61,34,34,19.24,72.3,Defender,7.42,663.6,53.5,125.4,10.32,9.6,Team B,1,1,374.6
63.04,1,0,17,5,36,13.6,69.6,Defender,6.91,1804.8,62.1,162.9,9.81,5.7,Team A,0,10,696.3
70.02,1,0,38,13,34,14.57,84.0,Forward,6.05,862.0,65.1,164.8,11.56,7.8,Team A,0,3,1022.7
45.12,1,0,72,29,26,5.2,80.3,Defender,8.48,0.0,60.7,144.5,9.92,5.1,Team C,0,4,757.8
59.64,1,0,93,42,24,11.12,57.9,Forward,5.93,410.6,34.7,149.5,11.01,3.9,Team C,0,3,268.8
62.36,0,0,48,23,26,14.11,73.0,Forward,7.71,429.7,51.8,142.9,11.39,5.3,Team C,0,0,756.2
48.68,1,0,37,11,26,10.41,69.8,Midfielder,5.85,963.8,72.3,156.7,11.9,8.5,Team C,0,0,629.7
40.14,0,0,52,21,23,12.06,79.0,Forward,7.86,0.0,81.1,156.0,10.3,6.7,Team B,0,6,847.3
55.54,0,0,40,12,23,11.51,81.7,Defender,6.84,1157.3,83.6,132.6,11.77,8.1,Team A,1,0,534.6
63.86,1,0,97,44,23,18.78,52.9,Defender,6.47,841.4,42.5,135.4,12.14,9.0,Team C,0,0,688.7
59.32,0,0,52,22,33,11.82,96.7,Defender,7.0,1140.0,64.3,166.6,11.22,5.5,Team B,0,8,137.0
47.39,0,0,67,17,23,10.11,43.2,Forward,7.41,967.9,57.1,174.5,12.68,6.8,Team B,1,1,1083.4
58.25,0,0,41,25,26,14.86,62.8,Midfielder,7.35,1037.7,81.2,185.9,9.3,5.4,Team C,0,2,356.0
46.13,0,0,95,57,20,10.39,98.8,Midfielder,7.82,1398.4,49.1,146.1,10.41,4.9,Team C,0,1,0.0
74.14,0,0,81,55,28,17.24,76.4,Forward,7.34,666.7,15.5,141.4,11.2,7.5,Team B,1,4,0.0
62.61,0,0,65,35,35,9.95,90.7,Midfielder,8.37,928.3,67.8,150.8,10.89,7.9,Team C,1,0,123.6
51.78,0,0,76,35,26,14.36,65.4,Defender,7.78,0.0,65.9,147.1,10.72,4.4,Team A,0,2,356.8
60.1,0,0,34,15,25,10.65,64.2,Forward,7.26,768.8,14.8,173.9,12.29,7.1,Team A,1,0,598.0
57.54,0,0,12,1,22,14.04,76.7,Midfielder,7.07,1471.2,41.4,172.7,12.22,5.1,Team C,0,4,42.3
58.28,0,0,34,15,22,16.62,53.6,Defender,5.85,1449.3,65.1,153.1,12.46,8.1,Team A,0,0,643.9
66.85,0,0,85,43,36,11.85,64.7,Forward,9.0,639.7,60.4,198.2,10.46,7.5,Team C,0,2,0.0
58.06,1,0,40,22,19,18.64,77.5,Defender,8.35,1407.7,33.5,138.0,12.01,8.4,Team A,0,9,509.1
67.96,0,0,54,39,28,18.79,65.0,Defender,6.32,915.0,51.8,143.0,10.01,9.0,Team A,1,2,122.4
67.38,0,0,84,42,26,13.2,79.5,Goalkeeper,9.05,0.0,45.8,96.0,,6.4,Team A,0,2,774.4
71.03,2,0,26,17,36,14.51,63.0,Midfielder,6.8,868.5,30.0,118.8,11.26,8.1,Team B,0,1,460.8
63.36,0,0,38,23,25,10.79,80.2,Midfielder,6.33,0.0,43.7,136.8,11.55,4.9,Team B,1,0,485.8
62.35,3,0,44,24,21,19.94,85.7,Defender,8.43,933.9,62.5,115.1,11.15,6.0,Team C,0,3,279.0
68.81,0,0,51,25,26,20.21,54.9,Forward,8.09,472.7,32.9,151.9,12.14,8.4,Team B,0,0,472.6
63.16,0,0,51,24,35,15.99,68.8,Defender,6.87,0.0,49.3,179.2,12.22,6.6,Team B,1,0,319.0
65.0,0,0,19,16,21,18.66,61.0,Defender,7.92,1964.4,,136.8,11.31,6.7,Team A,0,0,241.3
63.91,0,0,31,19,23,14.59,71.9,Defender,8.13,837.5,43.1,189.5,10.27,8.2,Team A,1,0,373.9
61.72,2,0,11,7,30,12.44,56.6,Forward,6.4,387.8,54.5,129.3,10.35,5.8,Team C,0,5,651.0
65.19,0,1,53,37,23,17.53,80.2,Forward,5.96,0.0,50.6,152.6,10.83,8.5,Team C,1,0,641.3
35.51,0,0,67,30,17,,71.7,Midfielder,7.1,1248.3,37.2,135.4,12.16,8.5,Team A,0,4,0.0
57.09,0,0,58,25,31,11.13,65.6,Goalkeeper,7.76,1327.3,35.8,148.3,11.23,3.9,Team C,1,1,0.0
64.97,0,0,22,13,30,13.31,69.0,Midfielder,6.94,235.1,49.0,137.7,10.39,4.2,Team A,0,2,630.4
48.1,0,0,40,9,32,6.56,74.0,Forward,8.44,745.1,36.5,155.7,12.75,7.4,Team B,0,5,1361.9
71.62,0,0,73,30,34,16.0,43.3,Midfielder,6.84,384.7,56.5,170.9,11.34,5.9,Team B,0,1,508.4
60.79,1,0,66,38,36,16.04,62.6,Midfielder,8.09,1458.8,63.6,176.4,10.15,9.4,Team C,0,3,737.0
35.92,0,0,43,11,17,12.65,54.4,Defender,7.11,950.5,51.8,165.8,12.99,3.3,Team C,0,3,537.3
55.69,0,0,14,6,36,13.05,69.0,Defender,6.43,867.4,68.8,185.5,10.79,5.9,Team A,0,3,526.3
58.18,0,0,82,29,32,10.93,72.6,Defender,8.32,1528.5,37.9,157.8,12.99,6.1,Team A,0,8,1141.6
62.61,0,0,19,4,35,13.54,90.4,Defender,8.45,1836.8,35.0,152.4,11.88,4.0,Team A,0,5,0.0
62.48,0,0,66,24,24,11.84,68.9,Midfielder,7.22,1374.1,28.9,122.4,13.11,5.0,Team B,0,4,0.0
62.94,0,0,58,27,29,16.07,53.3,Defender,6.43,1538.7,20.4,163.2,12.69,6.0,Team A,0,0,576.0
70.71,0,0,52,20,36,12.81,83.7,Forward,9.25,525.2,43.7,157.7,12.53,6.5,Team B,0,3,483.2
56.67,0,0,90,40,24,16.62,65.5,Midfielder,7.27,1077.7,74.2,177.7,10.48,5.1,Team A,0,0,407.4
43.81,0,0,16,6,35,4.26,73.2,Midfielder,7.57,671.3,49.7,110.9,10.55,8.1,Team B,0,0,198.5
42.62,1,0,67,20,19,9.14,88.3,Midfielder,7.78,1866.6,42.8,145.4,13.35,6.9,Team C,1,3,433.0
60.04,0,0,75,36,22,12.94,60.3,Defender,9.95,0.0,36.9,165.2,11.06,5.8,Team B,0,2,657.5
69.81,1,0,49,28,24,24.12,57.0,Forward,6.64,622.7,58.5,154.2,11.93,5.8,Team A,0,1,1051.7
57.97,1,0,50,28,36,8.82,75.0,Defender,6.9,681.9,42.7,133.7,11.11,9.2,Team B,0,0,53.5
61.81,0,0,23,11,23,21.05,76.7,Midfielder,7.47,2003.3,36.9,174.8,13.28,7.3,Team B,0,2,477.8
77.83,0,0,74,38,29,15.08,63.4,Midfielder,6.23,769.7,39.2,131.2,12.46,5.7,Team A,1,0,414.3
71.73,0,0,75,54,29,18.18,51.8,Forward,5.94,1276.9,40.4,134.8,10.0,6.7,Team A,0,1,354.8
47.21,0,0,97,41,21,,62.6,Midfielder,7.1,737.3,30.5,137.8,12.18,8.3,Team C,0,1,269.9
63.07,0,0,58,20,28,15.19,89.4,Midfielder,6.19,947.3,71.9,189.0,11.74,4.3,Team A,0,5,565.3
71.42,0,0,20,9,27,13.84,63.9,Forward,5.56,6.3,44.1,132.2,11.76,3.9,Team B,0,1,0.0
55.35,0,0,19,8,19,11.61,66.9,Defender,7.98,1255.3,,130.3,10.48,7.2,Team C,0,2,818.0
53.52,0,0,98,23,22,12.02,58.7,Defender,8.31,1370.1,63.4,83.7,12.23,4.4,Team C,1,0,375.2
59.93,0,0,80,32,26,13.54,81.0,Forward,6.56,746.9,50.0,156.2,12.27,7.8,Team C,0,0,316.9
72.41,0,0,100,43,30,15.32,57.8,Defender,7.09,281.9,40.3,129.0,12.38,6.7,Team C,0,2,226.6
67.29,1,0,90,46,33,15.05,60.7,Defender,5.92,1234.0,40.5,137.4,10.55,7.1,Team B,0,4,499.3
67.05,0,0,50,35,29,10.37,84.0,Midfielder,7.39,654.4,56.1,175.4,9.0,7.0,Team A,0,1,783.5
58.79,0,0,56,15,30,14.81,50.1,Forward,5.96,887.8,58.2,119.0,12.82,6.1,Team A,1,2,412.4
48.07,0,0,85,27,20,13.08,73.4,Goalkeeper,6.86,1508.0,55.6,172.5,12.33,4.2,Team A,1,2,684.0
40.98,0,0,55,12,18,7.36,76.6,Midfielder,7.08,1062.5,44.8,147.4,13.73,6.6,Team A,1,1,420.7
69.93,1,0,91,58,35,18.57,87.6,Defender,6.01,326.4,64.2,157.0,10.71,7.4,Team C,0,3,135.5
44.96,0,0,56,23,18,14.81,63.5,Midfielder,6.94,2084.5,41.8,144.1,12.69,5.1,Team A,0,2,589.8
74.98,2,0,58,13,36,15.05,61.7,Forward,8.5,0.0,69.2,121.9,11.56,5.1,Team B,0,0,777.9
64.02,0,0,81,20,20,16.05,68.6,Forward,7.27,894.9,64.3,137.4,12.92,7.7,Team B,0,5,211.7
67.19,0,0,80,38,26,12.86,86.8,Forward,5.91,1467.1,26.3,135.2,12.08,5.4,Team C,1,1,475.9
63.41,0,0,75,19,33,10.64,82.8,Defender,8.96,0.0,50.7,150.5,12.5,7.1,Team A,1,1,756.7
54.99,1,0,71,34,24,13.86,62.5,Midfielder,7.32,1370.1,66.9,146.0,10.25,4.2,Team A,0,0,554.5
58.35,0,0,38,20,36,11.92,69.3,Midfielder,5.09,1293.5,66.2,155.2,9.94,6.0,Team C,0,0,385.7
55.43,0,0,82,50,18,16.26,58.0,Forward,5.58,0.0,38.6,185.2,11.0,8.0,Team A,0,1,193.3
60.45,1,0,22,8,25,11.08,52.2,Forward,8.15,631.0,51.2,127.9,10.72,5.2,Team C,0,1,456.3
68.4,0,0,15,7,29,17.11,97.4,Forward,7.92,344.4,54.3,163.4,12.43,5.8,Team B,1,0,0.0
56.29,2,0,11,8,36,8.17,63.2,Midfielder,7.13,255.6,42.8,,10.21,6.3,Team A,0,29,84.9
65.37,0,0,82,17,28,15.47,75.9,Forward,8.17,762.5,55.7,159.6,14.04,5.3,Team A,0,0,1108.0
67.29,0,0,85,38,34,13.36,74.5,Defender,5.89,766.0,53.2,168.6,12.54,6.8,Team C,0,1,1.5
46.6,0,0,92,44,19,16.15,85.8,Midfielder,7.21,1633.4,72.6,171.6,11.29,5.5,Team B,0,6,870.0
71.19,0,0,53,26,20,16.45,78.9,Midfielder,6.87,136.8,61.0,121.2,10.66,6.2,Team B,0,4,980.0
61.66,0,0,23,12,22,13.26,92.5,Defender,7.53,1250.4,43.0,166.8,12.64,6.8,Team C,1,1,357.5
60.49,0,0,86,23,31,15.92,57.2,Forward,6.26,1165.5,70.7,113.9,12.36,5.1,Team C,0,0,565.1
50.53,0,0,45,18,21,14.49,59.0,Midfielder,8.08,341.2,84.7,159.3,11.57,7.6,Team C,0,0,43.9
70.4,0,0,35,17,29,20.71,52.3,Defender,6.46,631.4,59.3,179.8,10.57,4.7,Team B,0,5,459.2
59.43,2,0,63,17,33,12.06,58.7,Midfielder,5.59,574.4,62.5,132.7,11.71,5.9,Team B,0,4,175.5
68.58,0,0,41,27,28,13.28,61.8,Midfielder,7.52,1470.6,52.6,148.1,9.37,9.3,Team C,0,4,213.0
73.29,0,0,52,31,34,15.76,46.4,Midfielder,8.78,877.2,49.8,159.3,11.31,9.9,Team C,0,1,114.1
67.21,0,0,58,39,30,16.66,49.2,Midfielder,6.32,752.8,54.9,170.9,10.97,7.0,Team B,0,2,857.2
46.29,0,0,67,36,18,9.66,73.2,Forward,6.09,1318.1,37.3,217.2,10.43,8.1,Team B,0,2,599.8
56.62,0,0,22,11,36,8.34,67.0,Defender,7.07,1128.7,55.8,146.5,10.9,9.8,Team A,0,6,366.8
78.17,1,0,46,32,31,17.85,81.8,Defender,6.36,1345.2,29.8,166.7,11.08,3.7,Team A,0,0,676.7
45.76,0,0,59,28,20,11.87,50.3,Midfielder,7.02,433.9,45.2,163.7,10.44,7.0,Team B,0,0,314.5
55.52,1,0,10,2,32,11.38,71.6,Defender,7.73,956.7,69.4,171.5,13.17,7.7,Team B,0,0,209.2
55.14,2,0,80,25,35,13.03,57.0,Goalkeeper,5.64,244.6,75.6,156.2,10.74,6.2,Team C,0,1,0.8
49.02,0,0,22,14,32,10.63,74.2,Forward,6.67,2374.3,45.3,149.3,10.42,8.8,Team B,0,6,352.9
40.97,0,0,18,7,23,10.0,43.3,Goalkeeper,5.92,1547.1,52.9,157.7,12.05,9.3,Team A,1,3,619.5
68.99,0,0,39,30,35,15.96,90.1,Defender,7.61,1840.3,30.9,151.0,10.64,6.0,Team A,1,2,0.0
66.71,0,0,40,29,32,11.73,67.1,Midfielder,7.56,0.0,44.4,146.7,10.41,4.9,Team A,0,4,823.1
60.52,0,0,47,22,28,13.64,95.0,Midfielder,8.63,155.1,49.3,163.7,12.37,4.8,Team C,0,1,976.2
42.95,0,0,19,7,22,8.8,77.6,Defender,6.69,1297.8,54.9,163.9,11.97,5.7,Team A,0,1,513.7
54.09,1,0,10,7,20,12.05,85.0,Defender,7.69,1331.3,47.0,158.7,10.23,8.0,Team B,0,5,677.9
59.65,0,0,88,36,21,,84.1,Midfielder,6.65,397.9,58.5,188.3,12.53,5.4,Team A,1,0,579.3
38.59,0,0,91,46,19,8.88,75.8,Midfielder,6.04,588.5,42.7,82.5,11.45,8.6,Team A,0,3,608.4
57.29,0,0,94,56,18,12.5,72.2,Defender,6.87,93.0,32.7,122.1,10.65,9.4,Team C,0,1,772.3
64.94,0,0,26,13,29,12.82,63.9,Goalkeeper,7.41,1223.4,50.7,148.0,10.38,6.0,Team A,0,2,546.8
70.19,0,0,15,3,30,15.71,81.0,Midfielder,8.56,1398.4,58.3,130.8,12.67,8.5,Team A,1,0,452.6
62.29,1,0,21,8,24,13.7,54.9,Midfielder,7.0,981.5,42.4,152.0,11.53,6.3,Team A,0,1,91.5
56.16,0,0,95,33,24,10.99,57.7,Midfielder,6.1,973.5,52.8,151.9,12.51,5.1,Team C,1,0,434.9
56.59,0,1,57,20,18,17.21,73.9,Defender,7.75,0.0,63.9,193.8,11.68,5.7,Team A,0,0,1100.2
62.1,3,0,99,48,25,11.69,67.1,Defender,6.33,863.2,36.4,111.2,11.34,6.9,Team A,0,5,310.9
45.72,0,0,59,33,26,7.82,64.5,Midfielder,4.96,0.0,42.1,135.9,10.78,4.6,Team A,0,1,475.6
70.78,1,0,21,8,36,13.52,67.4,Defender,7.29,1415.2,52.5,140.1,11.35,8.0,Team C,1,1,713.0
53.02,1,0,26,17,17,12.37,77.9,Midfielder,8.13,762.5,16.6,131.7,11.73,8.4,Team C,1,0,523.2
64.79,0,0,86,37,23,15.09,59.3,Forward,7.84,760.7,52.9,162.4,11.04,6.2,Team B,0,2,1098.7
64.49,0,0,90,59,35,12.82,83.8,Midfielder,7.21,0.0,44.9,168.2,11.31,6.2,Team A,0,0,465.2
72.37,0,0,34,15,33,14.81,65.5,Forward,6.19,700.7,42.2,179.5,10.37,6.4,Team B,1,0,954.5
46.73,3,0,87,37,28,8.07,73.7,Defender,7.68,1267.9,70.8,148.9,10.78,7.8,Team B,1,3,788.9
60.41,1,0,52,28,28,12.1,83.7,Midfielder,7.76,433.9,39.1,146.9,,7.1,Team B,0,5,222.9
65.26,0,0,18,9,26,14.52,66.4,Defender,5.78,205.9,57.9,159.7,10.98,7.3,Team A,0,1,152.9
50.24,0,0,61,27,19,11.09,81.0,Forward,7.88,1257.8,37.4,153.8,12.19,5.0,Team C,0,1,712.1
69.01,1,0,72,38,25,16.66,74.9,Midfielder,6.87,0.0,64.6,146.7,11.17,8.3,Team B,0,3,394.2
43.25,0,0,57,28,21,8.16,63.7,Midfielder,6.1,321.8,41.4,163.5,11.62,8.4,Team A,0,1,0.0
40.41,0,0,51,19,17,14.39,77.8,Defender,7.69,1446.7,69.6,140.1,,4.9,Team A,1,1,0.0
40.1,1,0,82,44,19,12.23,80.4,Goalkeeper,7.16,835.5,47.4,123.7,10.71,9.2,Team A,0,1,466.7
52.92,0,0,14,4,19,11.61,78.4,Defender,7.35,77.0,34.6,129.3,11.62,6.7,Team A,0,1,653.8
67.24,1,0,32,15,21,14.69,98.3,Forward,8.81,358.3,52.5,80.0,11.43,3.5,Team C,0,1,228.2
69.9,0,0,68,30,34,12.69,88.7,Midfielder,6.13,1135.8,44.3,125.4,13.22,8.6,Team A,0,2,949.4
61.35,1,0,81,45,34,12.42,75.2,Midfielder,7.64,719.6,58.6,158.8,10.96,7.2,Team C,1,1,277.7
81.16,1,0,73,45,30,18.11,61.8,Defender,7.08,467.4,72.0,176.0,9.0,8.6,Team C,1,2,872.4
64.93,1,0,79,27,33,18.86,60.1,Defender,7.36,369.1,78.4,147.0,12.42,9.0,Team A,0,2,289.3
51.47,1,0,15,4,26,10.51,67.4,Forward,6.22,664.4,52.3,124.2,12.05,6.8,Team C,0,4,718.3
57.64,1,0,66,14,28,12.81,56.1,Goalkeeper,5.32,988.3,58.2,,13.52,4.5,Team B,0,3,504.6
37.67,0,0,59,22,18,9.96,61.0,Goalkeeper,4.98,0.0,65.5,125.7,12.29,8.5,Team B,0,2,640.0
47.83,0,0,94,40,22,9.52,65.3,Midfielder,6.76,1828.5,43.6,126.2,11.44,5.7,Team A,0,0,788.5
58.75,0,0,25,12,23,15.48,63.1,Forward,5.83,1432.4,67.3,146.9,9.61,6.0,Team A,1,1,875.8
82.62,0,0,35,22,30,13.58,76.2,Midfielder,4.76,1010.4,33.1,165.3,11.18,4.9,Team B,1,2,479.1
56.89,0,0,83,30,24,15.73,68.0,Midfielder,6.72,1189.7,74.5,178.3,12.52,8.7,Team A,0,0,280.2
57.31,0,1,35,15,29,10.49,64.5,Midfielder,6.34,0.0,50.4,199.0,10.64,5.9,Team C,0,0,690.4
69.07,0,0,79,37,34,16.33,87.1,Forward,6.84,734.3,44.0,166.8,12.48,9.7,Team C,0,3,288.5
65.77,0,0,96,36,29,13.65,85.1,Midfielder,6.32,1098.8,36.5,169.0,13.09,8.1,Team B,1,1,545.5
56.08,0,0,30,13,30,9.99,57.5,Midfielder,6.53,754.2,41.8,127.0,12.11,8.9,Team C,0,0,391.1
41.43,0,0,39,26,17,11.56,69.9,Midfielder,6.42,1439.7,21.0,168.4,11.14,6.7,Team C,1,3,960.9
64.62,1,0,94,72,21,19.85,58.9,Midfielder,6.67,687.5,34.8,139.0,11.02,7.1,Team C,1,1,0.0
47.55,1,0,41,19,22,15.02,46.8,Defender,5.44,1211.3,43.0,122.5,12.17,8.9,Team B,0,1,693.7
62.07,0,0,31,13,21,17.14,72.7,Midfielder,6.87,1039.5,50.0,125.0,13.0,6.1,Team B,0,0,302.6
58.59,0,0,63,23,26,13.22,65.8,Defender,6.21,1234.6,28.6,172.2,13.12,6.1,Team B,1,2,212.2
52.14,0,0,34,20,27,9.08,86.9,Forward,5.86,1253.3,41.7,,11.78,5.8,Team C,1,2,769.8
66.68,0,0,33,10,31,17.7,68.9,Midfielder,6.38,880.4,72.4,153.0,13.04,9.3,Team A,0,1,243.8
65.12,0,0,76,33,23,15.47,76.1,Forward,7.7,606.8,59.2,152.9,11.33,4.2,Team A,1,1,830.2
71.31,0,0,18,13,28,15.36,71.9,Midfielder,6.86,720.2,42.9,137.8,11.04,7.8,Team A,1,5,530.2
61.16,2,0,61,26,29,14.24,66.5,Forward,7.18,1713.5,39.3,103.2,11.26,6.4,Team B,0,11,460.7
66.71,0,0,38,18,24,14.85,69.8,Midfielder,7.34,112.9,50.5,183.8,10.74,5.4,Team C,0,3,925.5
67.52,0,0,100,52,29,15.29,67.5,Defender,8.22,188.6,58.8,105.7,11.01,5.6,Team B,0,3,416.3
38.33,0,0,41,16,33,7.45,66.9,Midfielder,7.43,16.6,78.3,149.2,10.92,7.9,Team A,0,7,167.5
62.79,1,0,84,36,22,19.5,72.4,Defender,8.7,515.6,69.9,176.3,11.12,6.0,Team A,1,0,621.5
69.18,0,0,10,9,26,16.79,73.6,Forward,7.08,1132.0,40.1,164.8,10.85,6.8,Team B,0,4,0.0
63.57,0,0,79,42,30,11.22,67.6,Defender,9.12,259.4,44.5,183.3,12.23,9.3,Team B,1,10,706.4
46.53,1,0,63,14,27,13.75,54.7,Midfielder,7.61,1478.0,81.2,144.9,12.08,5.6,Team A,1,3,798.9
34.39,0,0,66,20,20,8.05,71.2,Forward,7.73,1200.2,55.2,165.6,11.21,6.2,Team B,0,0,552.7
64.2,0,0,51,13,30,13.63,66.1,Defender,8.04,1843.9,,117.9,12.34,4.6,Team C,1,3,224.7
66.5,0,0,60,45,23,14.89,69.3,Defender,7.24,578.8,21.8,154.7,11.32,6.9,Team B,0,0,0.0
61.14,0,0,64,50,22,17.38,92.7,Forward,7.7,1045.1,33.1,115.0,9.55,9.0,Team A,0,0,778.1
69.82,0,0,86,40,31,13.68,67.4,Forward,7.85,850.3,44.0,131.4,12.35,10.0,Team C,1,1,612.5
54.8,2,0,26,14,28,12.8,64.5,Defender,7.26,1374.8,31.7,183.5,10.46,6.9,Team A,0,11,800.9
50.07,0,0,62,19,18,12.44,79.6,Forward,8.08,0.0,53.2,120.3,12.21,6.6,Team A,0,0,623.2
58.97,0,0,71,42,18,13.63,82.0,Forward,7.24,573.6,39.2,174.0,10.78,5.3,Team B,1,1,70.1
60.23,0,0,41,18,31,12.5,75.5,Defender,6.82,413.3,46.8,143.3,11.42,4.5,Team C,1,7,741.1
68.71,0,0,94,44,21,15.54,73.4,Goalkeeper,6.59,823.7,50.0,146.0,11.63,7.9,Team A,0,3,868.3
70.5,0,0,68,33,32,14.65,83.9,Midfielder,7.82,1229.0,44.2,127.8,11.64,8.0,Team B,0,1,1079.3
67.06,0,0,36,20,30,14.31,70.7,Midfielder,7.64,396.5,38.2,133.0,11.89,6.4,Team C,0,0,601.3
71.14,0,0,35,20,28,14.04,67.3,Midfielder,6.1,440.0,36.6,134.1,11.38,6.7,Team C,0,2,213.1
81.31,1,0,34,20,36,20.2,86.3,Forward,6.39,847.2,54.8,159.2,11.09,8.8,Team B,0,0,242.7
57.25,0,0,53,11,27,9.74,50.4,Defender,6.27,1063.1,66.9,122.1,12.28,7.4,Team A,1,4,454.8
61.24,1,0,78,33,24,17.03,62.5,Defender,8.15,308.1,42.0,111.3,12.64,6.6,Team A,0,4,590.9
32.86,0,0,17,7,17,9.05,70.0,Midfielder,8.32,2324.0,60.5,121.3,10.79,6.9,Team A,0,0,423.2
66.9,1,0,42,22,27,24.75,64.9,Defender,7.28,0.0,60.2,116.2,10.56,6.8,Team C,0,1,298.9
68.82,0,0,76,36,34,12.11,53.1,Defender,6.47,875.0,63.2,,10.02,7.0,Team A,1,2,137.6
65.31,0,1,25,10,27,13.52,64.5,Midfielder,7.42,82.1,44.3,187.5,12.62,6.1,Team A,0,0,422.2
63.9,0,0,22,11,27,14.42,79.9,Midfielder,8.45,0.0,56.7,153.6,11.81,8.5,Team A,1,1,572.7
59.74,0,0,38,14,24,15.47,50.9,Goalkeeper,7.06,1332.3,57.9,153.0,11.0,7.8,Team C,0,1,515.4
45.6,0,0,78,20,35,9.97,30.0,Midfielder,7.59,748.8,76.2,151.2,10.95,7.3,Team C,0,0,698.2
62.72,0,0,18,11,29,19.38,71.0,Midfielder,6.37,346.2,46.3,120.8,11.37,3.7,Team B,0,0,502.2
44.75,0,0,30,11,18,13.1,68.3,Forward,5.99,878.5,65.8,139.1,10.72,8.7,Team A,0,1,529.3
55.53,0,0,54,11,28,15.25,58.5,Defender,7.25,2275.2,72.3,178.8,13.69,7.0,Team A,0,4,622.1
73.48,2,0,69,36,25,20.32,49.6,Midfielder,7.15,1264.7,47.0,140.3,11.24,8.4,Team C,1,1,387.1
54.0,0,0,59,28,20,10.87,63.9,Midfielder,7.33,1473.6,35.5,118.6,11.63,8.5,Team B,0,2,448.9
62.52,1,0,71,44,34,18.13,62.2,Midfielder,4.96,1768.2,44.2,134.3,11.23,7.6,Team A,0,1,103.4
58.12,1,0,40,27,18,19.71,83.3,Midfielder,7.99,1677.8,59.4,176.5,10.64,7.3,Team A,1,9,862.1
67.03,0,0,42,25,27,15.7,62.8,Goalkeeper,7.87,320.2,45.0,173.7,10.05,6.9,Team B,0,4,284.2
59.22,0,0,45,27,24,11.97,66.0,Midfielder,8.56,1029.3,33.5,168.0,10.65,8.8,Team C,1,1,439.6
62.65,0,0,99,61,17,21.38,68.1,Defender,7.31,0.0,42.1,159.2,10.6,5.2,Team B,0,0,352.4
59.03,0,0,55,29,23,18.28,72.3,Defender,8.0,1004.5,26.3,142.0,11.84,10.0,Team A,0,0,561.3
37.66,0,0,60,34,19,12.14,71.2,Defender,4.59,693.6,63.7,152.4,10.7,7.3,Team C,0,2,896.5
72.75,1,0,100,65,27,13.79,74.1,Midfielder,6.97,600.5,40.6,153.6,11.26,8.0,Team C,0,5,566.0
71.02,1,0,69,38,33,16.99,70.4,Forward,7.06,1128.1,36.4,140.7,11.71,6.9,Team C,0,1,377.2
51.13,0,0,82,39,21,15.96,78.3,Forward,5.56,172.8,43.6,167.0,10.92,5.6,Team B,0,2,601.0
54.51,0,0,23,9,21,11.57,80.2,Defender,7.12,475.2,54.8,160.3,11.46,7.0,Team B,0,2,836.6
59.97,1,0,64,19,36,12.9,73.2,Goalkeeper,7.15,890.9,65.1,159.1,10.52,7.1,Team A,0,0,0.0
44.4,4,0,21,7,23,18.09,60.2,Midfielder,7.17,657.6,81.6,137.4,13.12,6.9,Team B,1,14,207.9
65.23,0,0,80,45,23,16.14,71.3,Forward,8.31,99.1,56.4,153.2,10.33,8.3,Team A,1,5,961.9
40.64,0,0,17,9,21,6.01,62.9,Goalkeeper,6.44,0.0,28.5,99.3,9.91,6.5,Team B,0,4,651.4
75.69,0,0,99,77,29,22.83,94.9,Forward,6.18,523.6,32.6,133.4,11.59,5.8,Team B,1,4,372.9
65.78,0,0,78,49,30,14.89,51.5,Defender,6.56,618.3,40.4,155.2,11.27,7.7,Team B,1,2,189.2
61.96,3,0,18,10,25,12.8,86.1,Forward,6.73,1002.0,55.1,105.8,10.47,4.3,Team A,0,10,253.3
67.76,0,0,75,25,25,13.43,82.0,Midfielder,7.06,6.5,44.1,122.0,13.63,6.3,Team B,0,4,269.2
56.75,1,0,20,7,18,16.23,68.2,Midfielder,7.43,1099.8,64.0,112.4,11.33,6.9,Team A,0,4,215.8
63.38,0,1,37,24,35,10.93,86.7,Midfielder,6.57,0.0,41.4,139.3,10.78,6.7,Team A,1,3,239.9
72.94,0,0,44,33,34,13.67,90.3,Defender,8.29,396.9,10.0,131.0,9.51,6.3,Team B,1,3,360.4
65.11,0,0,58,28,20,16.86,73.6,Goalkeeper,7.64,206.4,35.6,176.5,11.77,7.8,Team A,1,1,541.0
69.11,0,0,91,29,24,17.01,98.9,Forward,8.22,56.2,58.2,160.4,12.72,6.6,Team A,0,1,495.9
60.82,0,0,22,9,26,11.62,81.6,Forward,8.78,1521.2,69.7,151.8,12.06,8.1,Team C,0,1,771.3
64.73,1,0,82,44,24,14.68,48.4,Defender,7.11,0.0,41.5,184.2,11.12,8.6,Team C,1,1,1024.0
62.01,0,0,51,20,28,16.66,56.2,Forward,,1198.4,66.8,177.0,11.93,5.1,Team B,0,1,737.9
53.49,0,0,81,49,17,13.24,76.1,Midfielder,7.3,1206.0,47.0,162.7,9.07,5.0,Team B,0,4,677.2
68.93,0,0,48,37,30,20.69,68.3,Midfielder,6.26,429.0,22.6,168.3,11.77,5.1,Team B,0,0,710.4
67.98,0,0,43,19,28,17.98,77.4,Defender,6.82,295.7,48.0,125.8,11.43,6.7,Team B,0,3,378.8
40.18,0,0,82,30,18,11.22,67.5,Forward,7.52,1314.7,38.1,142.4,12.0,4.3,Team A,1,0,472.0
70.21,0,0,70,26,36,12.71,62.2,Forward,7.94,1253.4,44.2,129.7,12.49,7.9,Team A,1,1,448.5
41.98,0,0,79,21,18,10.81,79.0,Goalkeeper,6.54,1511.2,46.5,136.7,13.21,6.5,Team A,0,0,383.7
75.27,0,0,68,24,35,14.66,78.7,Defender,7.83,1358.0,30.5,80.0,13.33,5.1,Team B,0,4,1025.0
42.37,0,0,78,28,17,14.58,75.8,Midfielder,6.99,1223.3,71.9,171.5,10.44,4.7,Team C,1,0,338.2
51.67,0,0,68,26,21,14.12,69.2,Defender,7.43,0.0,46.5,141.7,11.74,5.0,Team B,0,0,257.6
63.6,0,0,51,24,33,14.12,86.5,Goalkeeper,6.65,1522.8,31.4,157.6,12.37,8.1,Team B,0,3,537.4
65.29,1,0,37,25,30,14.7,74.7,Defender,7.66,219.8,51.1,147.7,9.63,7.1,Team C,0,0,782.2
53.9,0,0,68,16,26,9.77,73.8,Forward,7.52,763.4,69.1,122.0,12.02,8.4,Team C,1,5,169.3
78.04,1,1,10,7,33,21.23,100.0,Defender,8.56,153.9,39.9,171.3,12.23,9.2,Team C,0,2,396.1
44.2,1,0,62,27,18,11.78,41.0,Defender,8.86,897.1,61.4,123.6,10.45,5.9,Team A,1,3,438.4
58.17,0,0,81,39,27,15.04,54.0,Midfielder,6.33,1141.0,62.2,189.5,11.55,6.5,Team B,0,1,156.0
59.27,0,0,18,7,26,9.31,40.9,Goalkeeper,6.49,604.5,44.5,126.0,11.75,8.5,Team A,0,2,732.8
63.58,0,0,14,9,30,16.4,72.3,Defender,5.32,1735.6,43.4,122.1,10.64,6.1,Team B,0,1,486.9
58.32,1,0,22,6,30,12.34,45.9,Defender,7.92,1550.5,65.4,155.5,12.25,8.0,Team A,0,0,82.1
53.19,0,0,96,42,19,13.9,68.7,Midfielder,7.6,968.3,56.2,144.9,11.87,6.1,Team A,0,0,820.4
66.37,0,0,53,29,27,16.53,90.0,Defender,8.31,246.0,59.5,187.2,11.79,7.2,Team B,0,2,798.8
59.4,0,0,70,38,23,13.22,84.8,Forward,4.99,1680.8,32.1,153.1,11.02,6.1,Team A,1,0,211.4
75.68,0,0,78,30,33,17.78,64.5,Forward,7.32,693.5,60.1,172.0,11.49,5.3,Team C,0,0,655.6
58.31,3,0,34,21,30,16.57,63.3,Forward,6.88,530.6,80.4,146.7,10.09,7.7,Team B,1,2,696.3
57.73,1,0,57,37,19,16.59,70.8,Forward,7.75,932.9,44.7,145.7,9.8,8.5,Team A,0,5,508.4
68.21,0,0,65,42,26,15.42,83.2,Forward,7.48,0.0,40.7,163.3,10.97,5.7,Team C,0,6,487.6
68.34,0,0,78,51,27,18.74,73.8,Goalkeeper,8.26,1011.9,21.7,168.3,12.9,8.1,Team B,0,0,751.8
53.52,0,0,27,15,31,12.44,80.5,Midfielder,5.93,1086.7,56.4,178.2,11.45,8.6,Team C,0,4,547.3
68.2,0,0,78,58,35,17.06,85.7,Forward,7.03,647.4,32.6,172.8,10.81,8.9,Team B,0,0,560.6
49.92,0,0,43,20,25,8.58,61.0,Forward,7.06,564.0,60.3,126.3,9.92,9.5,Team C,1,0,557.3
64.23,0,0,42,35,22,18.85,80.0,Defender,8.03,894.2,51.6,171.1,10.45,6.6,Team B,1,0,531.3
64.58,0,0,42,29,23,17.11,82.0,Goalkeeper,7.13,952.5,34.5,164.5,11.5,8.2,Team A,1,2,260.1
54.38,0,0,74,24,25,10.45,67.5,Defender,8.38,1316.5,53.1,134.7,13.16,5.2,Team A,0,0,602.7
70.38,0,0,52,34,30,14.7,88.1,Defender,7.3,600.9,43.5,161.7,10.03,7.0,Team A,0,4,442.2
63.04,0,1,86,36,25,16.29,72.0,Defender,7.41,86.3,39.9,158.8,12.94,7.0,Team C,0,7,415.4
55.78,0,0,58,28,20,15.29,77.0,Midfielder,7.93,1157.5,54.6,177.4,13.25,5.2,Team C,0,6,763.2
55.29,0,0,23,10,26,12.56,72.2,Midfielder,6.86,1799.8,49.2,151.8,12.98,6.1,Team C,0,8,724.3
53.89,0,0,93,27,18,13.35,78.8,Defender,7.62,1234.6,57.3,110.7,13.01,7.5,Team C,0,0,194.1
63.87,0,0,95,39,20,16.54,64.4,Defender,6.8,635.2,59.9,108.7,11.79,8.8,Team B,0,3,553.6
64.28,0,0,10,7,23,12.89,58.5,Midfielder,7.0,122.3,20.9,133.2,11.04,6.7,Team B,1,2,331.0
64.06,0,0,98,44,29,14.22,69.5,Midfielder,5.55,589.6,59.7,127.6,12.69,5.9,Team A,1,7,514.9
64.96,1,0,50,24,36,16.08,63.6,Defender,7.35,1087.6,41.7,148.7,11.1,4.7,Team C,0,0,382.3
60.47,0,0,71,38,24,11.25,65.0,Midfielder,6.9,644.3,57.8,142.3,9.86,7.4,Team A,0,0,325.7
59.03,0,0,12,7,28,12.44,75.4,Midfielder,7.98,833.3,61.5,144.2,11.01,4.1,Team C,0,3,997.2
48.53,0,0,35,18,34,5.94,82.9,Midfielder,8.69,1043.2,37.8,176.7,11.73,4.4,Team A,0,0,405.9
42.8,0,0,99,29,35,10.56,76.1,Defender,,804.6,76.8,163.1,13.09,7.4,Team B,1,1,542.1
50.0,1,0,92,38,35,6.08,56.9,Defender,7.7,1431.2,29.5,116.8,10.65,5.3,Team A,0,3,558.2
55.42,0,0,85,37,22,15.13,72.2,Midfielder,6.98,545.4,60.4,191.5,13.19,7.0,Team C,1,1,437.1
66.4,0,0,32,23,22,17.95,84.4,Midfielder,6.95,1250.2,41.5,193.9,9.43,6.5,Team B,0,2,520.5
56.29,0,0,24,9,26,11.22,75.6,Forward,6.96,964.5,66.0,112.3,12.28,6.1,Team B,0,0,177.5
56.1,2,0,10,8,21,11.78,71.7,Forward,7.16,986.5,33.7,163.5,9.0,5.8,Team A,0,4,528.2
39.28,0,0,22,4,21,5.82,68.3,Defender,7.7,542.7,50.6,174.9,11.71,8.5,Team A,0,3,763.0
76.43,0,0,34,18,35,15.06,83.8,Midfielder,8.76,340.7,49.3,180.0,11.53,6.5,Team A,1,2,392.9
62.01,0,0,100,59,32,11.32,65.5,Midfielder,8.21,0.0,53.1,106.2,10.12,7.5,Team A,0,2,627.5
59.2,0,0,18,7,26,11.49,65.9,Forward,7.28,973.9,41.3,147.3,11.51,8.4,Team C,0,11,918.4
51.71,0,0,55,35,22,13.84,78.0,Forward,7.4,1882.7,35.8,141.9,11.24,8.9,Team C,0,3,145.5
52.69,0,0,98,60,21,11.49,87.5,Defender,5.28,336.2,36.6,149.1,9.97,8.9,Team B,0,2,747.1
57.15,0,0,69,38,17,14.88,55.5,Defender,8.67,641.5,35.5,128.5,10.78,6.5,Team A,0,2,232.7
68.27,0,0,100,51,24,13.94,76.2,Defender,9.11,10.9,38.6,95.8,12.21,7.1,Team A,0,2,281.6
67.8,2,0,30,9,31,13.35,85.8,Defender,7.38,1036.1,50.7,131.8,12.82,7.2,Team C,0,8,596.2
61.33,0,0,95,55,25,16.62,60.5,Defender,7.36,1741.5,33.1,115.5,11.89,9.3,Team B,0,0,636.1
54.08,0,0,60,38,24,13.6,64.3,Forward,5.48,1236.1,18.1,143.3,10.78,9.1,Team A,1,1,0.0
60.4,2,0,86,48,36,8.74,76.1,Forward,6.86,1138.0,19.0,146.1,12.15,5.0,Team B,1,2,675.9
53.16,0,0,29,17,21,17.58,68.0,Defender,6.44,1822.6,44.7,139.8,11.63,4.8,Team A,1,2,662.7
66.99,0,0,92,48,35,15.97,56.4,Goalkeeper,6.45,840.0,53.2,129.0,10.63,6.0,Team C,1,0,363.5
70.04,0,0,14,6,25,14.62,55.3,Midfielder,6.78,850.9,27.1,157.4,12.08,5.5,Team B,0,1,398.5
50.81,0,0,83,32,24,10.13,65.1,Midfielder,7.13,1670.7,35.7,146.1,12.3,5.3,Team B,0,11,309.9
61.52,0,0,86,31,25,10.87,69.9,Midfielder,8.14,891.0,34.7,119.8,12.34,2.5,Team C,1,0,412.9
50.17,0,0,51,31,29,13.75,72.7,Defender,7.91,1568.8,64.4,173.4,10.31,7.7,Team B,0,1,544.7
54.41,0,0,46,24,20,15.59,64.0,Defender,7.11,1924.2,38.1,,11.92,5.9,Team C,1,1,121.6
49.04,2,0,62,17,26,8.41,53.7,Defender,6.84,976.2,62.1,176.4,12.67,3.5,Team A,0,1,484.2
82.59,0,0,46,35,32,21.23,60.3,Midfielder,6.84,418.0,38.8,135.1,11.26,7.9,Team A,0,1,515.9
51.92,1,0,62,35,19,11.33,79.5,Midfielder,7.88,527.2,44.3,192.7,11.52,3.3,Team A,0,1,737.3
62.55,0,0,30,8,28,15.33,70.3,Goalkeeper,7.03,872.5,46.9,138.9,12.48,5.7,Team C,1,2,433.6
55.97,0,0,92,61,22,14.31,54.9,Midfielder,5.67,1462.1,20.6,132.6,11.01,8.4,Team A,0,0,308.5
70.4,1,0,50,31,27,19.13,75.3,Midfielder,5.13,0.0,49.3,166.5,11.75,8.3,Team B,0,1,644.0
51.9,0,0,91,50,22,11.13,61.8,Midfielder,7.62,1113.7,46.9,125.6,11.22,6.1,Team B,0,3,83.5
52.35,0,0,18,9,27,10.38,74.4,Defender,7.57,2153.7,51.2,152.8,11.84,5.6,Team B,0,6,954.6
61.38,2,0,84,60,26,11.71,68.3,Midfielder,6.49,524.3,40.2,179.9,9.59,7.3,Team C,0,1,526.6
52.25,1,0,72,39,32,8.36,62.3,Forward,7.77,920.7,33.4,121.0,11.52,7.8,Team C,0,6,349.5
75.91,1,0,46,32,29,18.87,82.9,Goalkeeper,7.69,0.0,26.4,213.9,10.93,8.1,Team B,0,0,847.6
63.68,1,0,40,26,19,16.86,76.5,Defender,7.58,523.0,47.4,170.2,11.26,9.2,Team B,0,6,841.8
64.76,1,0,86,47,23,13.29,90.3,Midfielder,7.49,442.4,57.1,134.3,11.47,6.5,Team C,0,0,393.7
59.49,0,0,95,56,30,11.56,66.7,Midfielder,8.07,1102.8,46.2,114.7,10.7,7.3,Team C,0,2,421.2
64.6,0,0,72,43,24,18.28,65.0,Forward,6.75,373.4,37.1,149.4,11.05,4.9,Team B,0,2,0.0
71.76,0,0,75,46,36,17.71,82.3,Goalkeeper,8.76,904.8,24.8,136.8,10.86,8.3,Team A,1,10,340.2
57.05,0,0,42,11,30,10.67,73.5,Forward,7.21,854.8,55.1,161.5,10.84,6.0,Team C,0,0,570.9
68.76,0,0,92,45,29,15.88,69.5,Defender,8.7,679.2,37.0,150.6,12.45,6.8,Team A,0,6,674.2
71.88,0,0,75,42,31,14.1,78.0,Goalkeeper,7.85,1055.6,37.9,181.0,11.35,7.4,Team B,0,2,483.1
51.8,0,0,67,32,36,10.29,59.3,Defender,7.21,277.0,40.8,186.8,11.89,8.3,Team B,0,2,647.0
70.74,0,0,42,26,31,13.57,82.5,Forward,9.16,1758.9,43.9,133.1,10.42,10.0,Team A,1,0,245.3
58.2,1,0,81,43,22,13.95,95.9,Forward,6.78,0.0,60.7,155.1,10.65,5.9,Team A,1,4,52.9
62.57,0,0,25,8,26,17.08,64.5,Forward,5.99,1031.4,48.1,137.7,11.17,4.5,Team C,0,1,610.6
58.78,0,0,34,20,19,15.21,54.6,Midfielder,7.68,875.8,59.5,170.9,11.0,7.2,Team A,0,18,714.1
51.18,0,0,67,15,34,8.56,56.4,Defender,6.88,2656.7,44.5,154.6,12.62,6.0,Team B,0,1,1137.1
41.67,0,0,66,25,18,11.16,79.3,Defender,6.95,964.0,62.5,144.2,11.57,8.8,Team A,0,0,540.0
48.65,0,0,64,38,20,14.21,58.8,Midfielder,6.72,1532.7,28.4,137.6,12.85,8.9,Team B,0,2,592.0
61.83,0,0,19,9,29,8.81,87.9,Defender,8.04,0.0,49.0,154.7,11.27,5.5,Team B,0,3,27.9
57.09,2,0,70,29,24,17.28,69.4,Midfielder,7.7,563.0,62.1,130.2,12.72,6.2,Team C,1,18,503.0
54.86,0,0,11,6,23,10.79,85.6,Forward,7.2,1009.2,55.6,163.5,10.53,6.4,Team B,0,2,408.9
60.21,0,0,54,37,36,10.59,63.3,Midfielder,5.42,890.3,42.6,157.3,10.0,2.5,Team C,0,7,429.9
52.0,0,0,59,25,22,12.43,73.1,Defender,8.23,1137.8,37.3,106.1,11.81,8.0,Team A,1,1,768.3
32.89,1,0,56,25,20,,83.0,Defender,7.45,1157.1,62.7,143.8,11.64,8.1,Team C,0,5,761.3
55.98,0,0,58,31,33,10.42,75.0,Midfielder,5.79,358.0,23.0,182.5,13.17,10.0,Team A,0,7,746.1
71.84,0,0,53,33,26,20.2,81.1,Midfielder,6.62,1049.9,38.5,133.7,12.48,5.2,Team B,0,1,494.6
45.21,1,0,14,0,19,14.95,64.6,Forward,6.44,1289.9,93.2,176.3,13.68,8.1,Team B,0,3,190.4
49.64,1,0,49,21,18,16.06,92.8,Defender,7.61,1500.1,58.8,132.9,11.39,7.2,Team B,1,2,638.4
49.65,0,0,77,32,19,11.29,52.7,Forward,6.14,1225.8,51.0,165.1,10.81,3.6,Team B,0,4,573.0
64.15,1,0,81,45,28,11.13,88.3,Defender,7.47,1584.7,58.5,141.5,10.12,9.1,Team A,0,1,612.3
27.27,0,0,98,42,17,9.08,64.9,Defender,7.26,1573.7,52.0,158.8,11.43,8.9,Team A,0,0,781.6
70.14,0,0,11,5,35,12.23,86.9,Midfielder,5.63,225.7,47.5,149.2,11.46,4.8,Team A,0,2,1445.0
62.97,0,0,17,14,25,16.07,96.1,Midfielder,6.26,2186.4,16.4,135.1,9.8,6.5,Team C,0,0,717.7
59.1,0,0,38,11,18,18.22,63.9,Forward,7.76,1158.5,56.3,146.3,12.49,5.8,Team A,0,0,37.2
40.38,0,0,46,11,23,8.17,66.2,Goalkeeper,7.59,575.2,52.9,142.4,12.83,7.0,Team B,0,0,424.5
50.75,1,1,33,24,35,5.69,70.7,Defender,7.78,31.3,10.0,163.5,9.75,5.3,Team A,0,0,20.5
61.38,0,0,55,20,30,16.6,53.7,Defender,6.91,987.7,64.6,100.3,10.88,2.2,Team C,1,3,18.5
57.82,1,0,71,31,31,11.15,53.2,Defender,,244.4,44.9,116.0,11.41,5.3,Team A,0,0,310.4
57.58,0,0,76,40,17,14.92,82.9,Midfielder,6.14,415.1,46.3,137.0,11.13,7.4,Team C,0,2,798.3
53.67,0,0,81,42,19,15.86,60.4,Forward,6.56,189.0,48.5,152.3,10.97,5.5,Team C,0,0,275.8
75.03,0,0,48,22,33,17.54,72.8,Midfielder,8.5,916.0,51.7,163.1,11.27,5.0,Team B,1,16,428.4
57.31,0,0,31,11,28,12.72,76.9,Defender,7.11,1810.2,58.4,178.8,11.65,9.5,Team C,1,1,715.4
67.11,0,0,60,30,36,14.03,65.1,Defender,6.48,306.3,48.5,112.4,11.18,5.0,Team B,1,10,903.1
46.61,0,0,70,25,19,10.18,69.6,Midfielder,6.05,1628.2,30.7,187.0,12.74,4.7,Team C,0,0,261.3
42.25,1,0,63,12,29,10.35,68.4,Defender,7.31,1700.5,79.8,119.1,12.36,5.1,Team B,0,2,1281.0
50.79,0,0,38,12,36,12.63,66.5,Forward,8.12,638.7,79.0,142.4,11.74,10.0,Team B,1,2,355.9
57.35,0,0,63,13,28,8.03,63.6,Midfielder,5.51,1145.9,46.5,166.0,14.03,8.3,Team A,0,0,484.7
40.43,1,0,19,11,22,6.96,74.9,Midfielder,7.5,1950.6,45.8,202.8,12.21,7.1,Team A,1,4,998.9
63.89,1,0,29,18,35,12.16,78.2,Midfielder,7.61,474.9,49.0,142.9,10.08,5.8,Team A,0,7,662.8
72.57,1,1,76,41,35,16.85,78.1,Midfielder,7.94,171.0,59.0,145.7,11.09,5.3,Team C,1,8,1170.6
59.43,0,0,97,37,18,15.21,63.0,Defender,7.32,0.0,57.4,157.6,12.65,10.0,Team A,0,3,345.6
65.18,0,0,16,10,35,19.17,59.2,Defender,7.63,1464.0,66.8,167.2,11.46,9.4,Team B,1,3,595.6
60.85,0,0,46,32,31,11.91,61.5,Midfielder,7.66,1282.8,11.0,133.5,11.75,7.6,Team C,1,6,276.4
71.34,0,0,88,46,32,14.14,74.6,Forward,8.31,924.0,35.0,177.1,11.92,9.2,Team B,0,2,340.1
73.13,0,0,91,45,35,16.86,69.3,Defender,7.99,259.4,55.1,109.4,11.57,6.3,Team A,0,2,550.8
68.34,0,0,31,12,30,17.11,65.6,Goalkeeper,7.09,605.7,30.9,160.9,13.69,5.7,Team C,0,1,394.0
48.38,2,0,92,41,19,10.83,71.4,Defender,6.46,35.9,13.9,154.7,12.0,5.3,Team B,0,0,1382.9
56.99,0,0,90,54,23,13.67,77.8,Midfielder,5.45,333.9,39.7,152.4,10.65,7.2,Team A,0,1,390.3
67.11,0,0,82,47,32,13.78,72.4,Midfielder,7.88,551.6,60.0,188.4,11.22,6.5,Team C,0,5,235.6
48.34,0,0,44,15,22,11.03,64.3,Goalkeeper,5.53,77.3,72.4,157.0,11.72,10.0,Team A,0,0,745.5
57.62,0,0,83,25,23,12.77,65.8,Defender,6.87,935.3,63.1,148.5,12.24,7.1,Team C,0,2,92.2
64.9,0,0,33,18,32,11.63,73.4,Defender,7.87,1108.7,38.3,178.3,10.16,7.8,Team A,0,1,962.9
49.31,0,0,93,50,20,10.32,86.5,Forward,6.87,1592.4,34.0,184.7,11.06,5.4,Team B,0,3,203.7
49.15,2,0,97,41,21,13.73,73.1,Midfielder,6.57,997.4,57.6,154.8,11.19,8.5,Team C,0,2,940.9
48.15,0,0,90,46,18,12.15,59.2,Midfielder,7.18,2500.6,39.6,151.7,11.62,8.2,Team B,1,1,788.2
68.74,0,0,15,9,33,16.42,52.9,Midfielder,7.43,109.8,43.5,128.2,12.68,8.4,Team C,0,1,371.5
66.2,0,0,89,39,36,14.78,64.6,Midfielder,7.04,1289.1,57.9,153.8,11.73,5.7,Team A,0,0,843.4
67.41,0,0,40,23,32,14.39,80.8,Midfielder,6.79,702.8,60.0,167.7,10.72,7.3,Team C,1,1,301.1
73.81,0,0,47,17,33,14.24,42.6,Midfielder,8.83,714.7,43.4,151.0,12.56,5.9,Team B,0,2,0.0
52.32,0,0,35,14,24,11.07,84.6,Defender,7.83,305.8,45.2,114.5,10.89,6.5,Team A,1,4,699.2
74.63,0,0,96,29,31,15.34,73.9,Goalkeeper,5.83,157.8,54.7,130.9,13.21,10.0,Team C,0,3,0.0
75.37,0,0,28,14,24,20.86,82.1,Forward,6.77,474.0,59.1,118.3,12.22,7.6,Team B,1,3,101.9
52.29,0,0,60,36,29,10.09,64.5,Defender,5.47,799.3,35.3,167.4,11.21,6.5,Team A,0,0,921.6
60.36,0,1,11,6,22,13.84,67.6,Midfielder,7.61,3.4,39.2,160.3,10.43,6.5,Team B,0,0,103.7
60.68,1,0,95,50,22,18.58,72.1,Forward,6.59,710.2,31.0,118.1,11.85,7.7,Team A,1,0,143.1
47.75,0,0,74,44,19,18.94,57.2,Midfielder,6.87,1572.1,28.5,182.7,11.43,8.3,Team C,0,0,361.7
71.01,1,0,67,34,26,15.93,83.3,Forward,6.95,243.1,56.4,159.7,11.37,8.0,Team B,0,3,614.0
62.6,0,0,30,13,30,20.72,66.2,Defender,7.13,1093.0,57.5,148.4,12.95,4.5,Team B,0,2,921.5
51.96,1,0,58,32,19,12.76,87.9,Forward,8.56,102.4,40.3,116.1,10.93,4.8,Team C,0,3,280.5
64.06,0,0,60,30,34,11.01,89.1,Forward,8.17,214.7,50.0,150.6,12.21,10.0,Team B,0,1,446.9
53.06,0,0,86,25,17,17.34,58.0,Defender,6.83,231.9,62.2,176.5,12.6,2.9,Team A,1,3,367.5
47.63,0,0,23,13,22,15.37,66.5,Defender,5.46,1479.6,73.1,165.4,10.2,10.0,Team B,0,2,408.2
67.58,2,0,91,46,31,13.89,66.2,Midfielder,8.88,653.2,56.0,89.0,10.61,7.0,Team A,0,0,267.9
41.78,1,0,58,22,19,9.06,73.5,Forward,7.17,516.2,71.9,142.6,10.15,9.1,Team A,0,1,332.9
68.81,2,0,53,33,26,15.48,59.8,Forward,7.67,1243.2,19.2,154.2,9.94,6.1,Team A,1,0,613.5
46.81,0,0,26,10,17,17.33,62.6,Defender,7.16,0.0,53.2,128.2,12.91,9.8,Team A,1,2,94.6
53.14,0,0,63,26,35,7.85,68.7,Defender,7.41,756.0,66.3,136.9,10.38,7.4,Team B,0,1,433.0
59.79,1,0,16,7,18,16.04,57.9,Defender,8.65,419.8,58.9,164.5,,7.2,Team A,0,1,164.1
55.95,0,0,77,21,20,13.07,66.5,Midfielder,8.36,501.7,63.5,185.3,11.83,3.5,Team C,1,0,0.0
72.24,0,0,56,37,30,16.51,83.3,Midfielder,6.51,804.9,53.4,170.8,10.49,7.1,Team A,1,0,609.2
56.03,0,0,43,21,27,16.31,65.5,Midfielder,7.81,0.0,32.7,188.5,14.19,5.7,Team B,0,2,408.7
62.34,0,0,31,10,33,10.07,58.8,Midfielder,7.39,1205.6,47.8,148.2,11.36,6.7,Team B,1,3,226.8
76.17,0,0,69,54,30,17.58,90.1,Midfielder,7.77,234.5,60.4,153.0,9.0,7.6,Team A,0,1,943.2
57.85,0,0,100,29,35,11.34,69.0,Midfielder,6.37,1321.4,53.6,108.9,11.82,5.6,Team B,0,1,228.4
55.91,0,0,20,8,24,15.36,71.5,Goalkeeper,5.48,311.4,46.6,159.1,12.07,6.5,Team C,0,6,388.5
64.24,0,0,80,27,30,13.2,76.9,Defender,7.83,883.3,60.2,159.7,12.63,4.9,Team C,0,3,58.5
59.11,0,0,43,34,25,15.53,71.6,Midfielder,6.74,1349.7,48.9,158.0,9.84,5.9,Team C,0,0,767.4
53.4,0,0,63,29,25,12.92,56.4,Defender,6.75,812.0,62.0,144.5,10.91,6.7,Team A,0,3,348.1
53.66,0,0,27,12,36,9.24,55.2,Defender,7.49,55.9,55.4,136.2,10.65,4.1,Team A,0,1,600.0
32.23,0,0,21,7,17,10.9,77.6,Midfielder,6.44,892.4,63.7,150.0,11.71,3.0,Team C,1,1,957.5
58.43,1,0,23,12,20,17.01,92.8,Forward,6.08,319.1,75.0,179.4,11.82,5.5,Team C,0,0,309.2
51.66,1,0,97,40,34,9.46,55.7,Midfielder,7.27,589.7,52.9,115.2,10.87,7.8,Team A,0,3,280.7
47.57,1,0,83,30,22,7.96,92.6,Defender,7.22,1118.4,61.9,150.2,11.53,6.0,Team C,0,2,780.8
63.63,0,0,59,26,32,11.26,64.9,Midfielder,7.76,102.5,34.8,176.8,12.05,6.2,Team C,0,1,465.0
60.64,0,0,80,35,29,12.81,84.1,Forward,6.67,1855.2,41.8,133.0,11.92,7.5,Team C,0,7,175.4
78.59,0,0,67,56,32,20.78,65.7,Defender,7.26,1339.8,31.2,154.3,9.08,6.5,Team B,0,3,589.2
55.93,0,0,39,21,32,9.03,68.5,Forward,6.57,745.7,65.8,157.0,10.58,4.9,Team B,0,3,0.0
48.89,0,0,98,27,33,10.63,56.7,Defender,7.59,3028.4,37.0,107.9,13.12,7.1,Team B,0,6,619.6
66.97,0,0,59,32,30,15.22,64.3,Midfielder,7.57,798.2,75.0,177.9,11.23,6.2,Team A,1,1,117.5
62.09,0,0,52,24,34,15.95,81.3,Goalkeeper,8.26,974.8,71.2,192.5,11.48,7.9,Team B,0,1,534.8
57.41,0,0,55,34,26,10.67,80.5,Goalkeeper,7.53,761.3,13.8,208.9,11.46,6.5,Team A,0,3,337.8
65.86,0,0,25,11,24,14.58,68.6,Defender,7.05,1061.3,30.2,122.3,11.98,6.4,Team A,0,0,237.0
66.34,2,0,43,18,19,15.41,63.2,Defender,8.31,1382.7,,149.9,11.5,6.7,Team A,1,3,225.5
64.59,1,0,56,44,33,11.59,56.7,Defender,6.75,1552.5,25.3,155.6,9.66,7.3,Team C,1,0,362.7
43.88,0,0,30,18,17,10.99,78.2,Midfielder,7.14,1579.9,39.3,156.5,11.55,7.6,Team A,1,0,214.8
62.23,0,0,11,6,19,15.33,77.0,Defender,6.56,1011.8,62.9,122.4,12.35,8.0,Team A,0,1,36.4
47.63,0,0,67,26,18,10.94,77.9,Forward,7.35,1203.1,72.6,113.2,11.65,7.0,Team B,0,2,63.5
64.38,0,0,27,14,29,9.52,67.9,Midfielder,,1113.2,38.0,145.0,10.91,5.0,Team B,0,0,401.2
50.57,0,0,42,19,36,10.69,87.0,Defender,6.39,428.6,49.1,129.8,11.24,6.8,Team C,0,0,0.0
50.66,1,0,63,33,18,12.23,59.5,Goalkeeper,6.81,1593.2,43.6,156.2,10.65,7.8,Team C,0,3,352.4
46.92,1,0,24,5,17,14.97,60.4,Midfielder,7.8,992.6,45.0,142.2,13.12,7.3,Team A,0,1,369.6
68.18,0,0,81,24,22,13.76,51.8,Forward,7.63,362.6,56.2,155.0,11.58,7.3,Team A,0,0,73.2
55.04,0,0,29,13,21,14.67,70.9,Forward,6.51,599.0,58.5,185.0,10.87,3.9,Team A,0,0,643.9
64.86,1,0,81,63,20,20.66,72.5,Defender,6.89,496.5,20.8,142.9,10.25,6.1,Team C,0,3,541.6
68.82,0,0,69,36,24,19.95,65.8,Midfielder,6.87,313.1,28.2,154.6,,3.5,Team A,0,0,389.9
62.47,0,0,18,9,23,13.2,71.3,Midfielder,7.65,0.0,49.0,149.1,11.4,10.0,Team C,0,6,1072.9
58.24,1,0,71,42,22,13.96,90.1,Forward,7.11,0.0,47.7,132.2,9.83,7.8,Team B,0,1,377.6
75.71,1,0,38,18,35,17.47,89.5,Forward,6.65,905.2,39.7,188.1,12.28,8.5,Team A,1,7,502.6
40.5,0,0,69,42,18,9.46,79.4,Midfielder,6.86,775.2,53.2,142.9,10.52,7.7,Team B,0,0,486.8
67.35,3,0,14,6,25,14.98,52.9,Midfielder,10.0,0.0,49.3,102.2,13.11,4.3,Team A,0,8,356.1
67.46,2,0,97,58,34,,67.1,Defender,6.57,517.7,63.4,135.1,10.53,7.5,Team B,1,6,528.3
61.77,1,0,81,31,26,14.2,65.1,Defender,7.58,234.1,46.3,136.6,12.48,6.5,Team C,1,2,359.5
48.5,1,0,83,31,26,9.17,73.8,Midfielder,6.76,343.3,48.8,106.8,11.63,4.9,Team A,0,6,942.1
48.89,0,0,22,8,24,7.55,74.5,Defender,8.06,454.9,49.1,113.5,13.2,5.5,Team C,0,0,266.4
58.1,0,0,36,19,35,9.63,69.1,Forward,7.53,1100.9,60.4,142.5,10.62,9.6,Team B,0,10,143.1
53.02,0,0,89,60,21,13.56,65.1,Midfielder,6.96,1487.6,54.8,212.2,10.1,6.3,Team B,0,6,466.3
58.68,0,0,59,17,26,10.82,50.9,Forward,8.22,1356.6,51.7,181.8,11.76,6.8,Team B,0,2,446.8
50.01,0,0,25,7,32,11.33,65.6,Midfielder,6.53,0.0,75.3,148.8,11.73,8.4,Team A,1,0,830.0
51.77,0,0,21,9,26,10.61,78.0,Midfielder,6.96,937.2,57.8,135.1,11.97,7.8,Team B,0,1,563.9
68.83,0,0,14,4,34,11.42,70.7,Forward,8.88,174.4,40.6,118.2,12.6,7.6,Team A,0,1,506.0
75.47,0,0,84,66,32,15.35,86.5,Midfielder,6.34,129.7,23.3,180.1,10.08,6.8,Team A,1,1,95.4
49.12,0,0,83,32,21,8.61,69.5,Forward,7.78,1229.8,52.9,151.2,11.61,10.0,Team A,1,2,630.2
33.0,0,0,58,22,19,9.4,64.3,Midfielder,,1202.8,46.9,132.8,12.58,6.9,Team A,1,3,416.0
53.48,0,0,22,12,24,11.47,64.2,Goalkeeper,7.9,470.2,73.6,153.7,9.89,5.7,Team A,1,0,123.8
68.16,0,0,89,23,30,13.88,54.6,Defender,7.45,849.2,29.7,154.8,13.63,6.1,Team B,0,3,599.6
55.06,0,0,38,20,22,15.96,78.3,Defender,6.68,2136.0,59.6,191.6,11.19,7.3,Team C,0,2,658.6
57.49,0,0,44,22,25,10.62,55.6,Midfielder,6.7,990.9,36.0,137.8,12.08,7.7,Team A,0,5,0.0
65.23,0,0,86,62,25,10.06,91.7,Midfielder,6.09,250.6,53.6,113.1,9.6,6.1,Team B,0,2,551.0
53.36,1,0,39,25,21,14.01,62.8,Midfielder,6.48,65.1,47.3,166.6,10.31,7.1,Team B,0,1,634.2
52.98,0,0,41,14,21,14.01,65.4,Midfielder,8.08,744.5,64.0,133.9,12.77,6.4,Team B,1,0,485.0
53.77,2,0,30,9,29,12.47,65.3,Defender,6.71,848.6,73.0,143.2,10.82,4.1,Team B,0,1,177.6
64.94,0,0,72,24,29,14.46,77.5,Defender,7.49,489.8,59.4,178.9,12.93,4.4,Team B,1,3,401.4
